"Reference","Qty","Value","DNP","Footprint","Datasheet"
"C1","1","1u","","Capacitor_THT:C_Disc_D5.1mm_W3.2mm_P5.00mm",""
"C2","1","2.2u","","Capacitor_THT:C_Radial_D6.3mm_H7.0mm_P2.50mm",""
"C3,C4","2","15n","","Capacitor_THT:C_Disc_D6.0mm_W4.4mm_P5.00mm",""
"C5","1","100n","","Capacitor_THT:C_Disc_D5.1mm_W3.2mm_P5.00mm",""
"D1","1","LED","","LED_THT:LED_D5.0mm",""
"J1","1","Conn_01x03","","Connector_PinHeader_2.54mm:PinHeader_1x03_P2.54mm_Vertical",""
"J2,J3","2","Conn_01x02","","Connector_PinHeader_2.54mm:PinHeader_1x02_P2.54mm_Vertical",""
"R1","1","1K","","Resistor_THT:R_Axial_DIN0207_L6.3mm_D2.5mm_P7.62mm_Horizontal",""
"R2,R3","2","10K","","Resistor_THT:R_Axial_DIN0207_L6.3mm_D2.5mm_P7.62mm_Horizontal",""
"U1","1","AP2112K-3.3","","Package_TO_SOT_SMD:SOT-23-5","https://www.diodes.com/assets/Datasheets/AP2112.pdf"
"U2","1","MCP6002-xSN","","Package_SO:SOIC-8_3.9x4.9mm_P1.27mm","http://ww1.microchip.com/downloads/en/DeviceDoc/21733j.pdf"
